AuthorName1,AuthorID1,AuthorName2,AuthorID2,Num
"Von Hippel, William",6603946209,"Trivers, Robert",6602599122,8
"Von Hippel, William",6603946209,"Mercier, Hugo",15058239700,0
"Von Hippel, William",6603946209,"Sperber, Dan",6701821784,0
"Von Hippel, William",6603946209,"Carey, Susan",7103028874,0
"Von Hippel, William",6603946209,"Jones, Matt",57212401671,0
"Von Hippel, William",6603946209,"Love, Bradley C.",7102112661,0
"Von Hippel, William",6603946209,"Elqayam, Shira",22984837000,0
"Von Hippel, William",6603946209,"Evans, Jonathan St. B. T.",55446598800,0
"Von Hippel, William",6603946209,"Müller, Christian P.",7404109791,0
"Von Hippel, William",6603946209,"Schumann, Gunter",7103329271,0
"Von Hippel, William",6603946209,"Guala, Francesco",6603134035,0
"Von Hippel, William",6603946209,"Fincher, Corey L.",16549676000,0
"Von Hippel, William",6603946209,"Thornhill, Randy",36885392500,0
"Von Hippel, William",6603946209,"Lindquist, Kristen A.",13908252800,0
"Von Hippel, William",6603946209,"Wager, Tor D.",6603627020,0
"Von Hippel, William",6603946209,"Kober, Hedy",17346360100,0
"Von Hippel, William",6603946209,"Bliss-Moreau, Eliza",6506839563,0
"Von Hippel, William",6603946209,"Barrett, Lisa Feldman",55663264200,0
"Von Hippel, William",6603946209,"Vaesen, Krist",57188721818,0
"Von Hippel, William",6603946209,"Frost, Ram",7202424714,0
"Von Hippel, William",6603946209,"Dixon, John",57202478953,0
"Von Hippel, William",6603946209,"Levine, Mark",36988990300,0
"Von Hippel, William",6603946209,"Reicher, Steve",55405141800,0
"Von Hippel, William",6603946209,"Durrheim, Kevin",7004220831,0
"Von Hippel, William",6603946209,"Charney, Evan",7006905861,0
"Von Hippel, William",6603946209,"McCullough, Michael E.",7101948673,0
"Von Hippel, William",6603946209,"Kurzban, Robert",6602838403,0
"Von Hippel, William",6603946209,"Tabak, Benjamin A.",36145528200,0
"Von Hippel, William",6603946209,"Baumard, Nicolas",36169147800,0
"Von Hippel, William",6603946209,"André, Jean-Baptiste",53063266700,0
"Von Hippel, William",6603946209,"Bullot, Nicolas J.",15520483900,0
"Von Hippel, William",6603946209,"Reber, Rolf",7003679740,0
"Von Hippel, William",6603946209,"Clark, Andy",56936238400,0
"Von Hippel, William",6603946209,"Pothos, Emmanuel M.",35553426900,0
"Von Hippel, William",6603946209,"Busemeyer, Jerome R.",6603752423,0
"Von Hippel, William",6603946209,"Pickering, Martin J.",7006461382,0
"Von Hippel, William",6603946209,"Garrod, Simon",7004121632,0
"Von Hippel, William",6603946209,"Schilbach, Leonhard",12763058000,0
"Von Hippel, William",6603946209,"Timmermans, Bert",57201081320,0
"Von Hippel, William",6603946209,"Reddy, Vasudevi",7403320680,0
"Von Hippel, William",6603946209,"Costall, Alan",7004021043,0
"Von Hippel, William",6603946209,"Bente, Gary",6602775243,0
"Von Hippel, William",6603946209,"Schlicht, Tobias",37106674900,0
"Von Hippel, William",6603946209,"Vogeley, Kai",7004117310,0
"Von Hippel, William",6603946209,"Van De Vliert, Evert",7004389273,0
"Von Hippel, William",6603946209,"Jeffery, Kathryn J.",26643352100,0
"Von Hippel, William",6603946209,"Jovalekic, Aleksandar",40361252300,0
"Von Hippel, William",6603946209,"Verriotis, Madeleine",14820085500,0
"Von Hippel, William",6603946209,"Hayman, Robin",8050205400,0
"Von Hippel, William",6603946209,"Duckworth, Angela",11138779200,0
"Von Hippel, William",6603946209,"Kable, Joseph W.",6602089946,0
"Von Hippel, William",6603946209,"Myers, Justus",55955476300,0
"Von Hippel, William",6603946209,"Llewellyn, Sue",57206026398,0
"Von Hippel, William",6603946209,"Newell, Ben R.",7003401856,0
"Von Hippel, William",6603946209,"Shanks, David R.",7005569087,0
"Von Hippel, William",6603946209,"Bentley, R. Alexander",57221476279,0
"Von Hippel, William",6603946209,"O'Brien, Michael J.",36128081000,0
"Von Hippel, William",6603946209,"Brock, William A.",35319716100,0
"Von Hippel, William",6603946209,"Huang, Julie Y.",55710733200,0
"Von Hippel, William",6603946209,"Bargh, John A.",7003636643,0
"Von Hippel, William",6603946209,"Cook, Richard",57199442312,0
"Von Hippel, William",6603946209,"Bird, Geoffrey",17342102400,0
"Von Hippel, William",6603946209,"Catmur, Caroline",20336673700,0
"Von Hippel, William",6603946209,"Press, Clare",11838940200,0
"Von Hippel, William",6603946209,"Heyes, Cecilia",7007120930,0
"Von Hippel, William",6603946209,"Smaldino, Paul E.",45861773400,0
"Von Hippel, William",6603946209,"Hibbing, John R.",6603881778,0
"Von Hippel, William",6603946209,"Smith, Kevin B.",57203272910,0
"Von Hippel, William",6603946209,"Alford, John R.",36182933000,0
"Von Hippel, William",6603946209,"Lankford, Adam",27867908500,0
"Von Hippel, William",6603946209,"Wilson, David Sloan",7410084871,0
"Von Hippel, William",6603946209,"Hayes, Steven C.",7202407986,0
"Von Hippel, William",6603946209,"Biglan, Anthony",7005876735,0
"Von Hippel, William",6603946209,"Embry, Dennis D.",6602316223,0
"Von Hippel, William",6603946209,"Cimpian, Andrei",9747828300,0
"Von Hippel, William",6603946209,"Salomon, Erika",56182529700,0
"Von Hippel, William",6603946209,"Ackermann, Hermann",7103112825,0
"Von Hippel, William",6603946209,"Hage, Steffen R.",7005999396,0
"Von Hippel, William",6603946209,"Ziegler, Wolfram",7103225413,0
"Von Hippel, William",6603946209,"Lane, Richard D.",35345386000,0
"Von Hippel, William",6603946209,"Ryan, Lee",7201612163,0
"Von Hippel, William",6603946209,"Nadel, Lynn",35478813600,0
"Von Hippel, William",6603946209,"Greenberg, Leslie",16549658300,0
"Von Hippel, William",6603946209,"Kline, Michelle Ann",36468403000,0
"Von Hippel, William",6603946209,"Pessoa, Luiz",7003927990,0
"Von Hippel, William",6603946209,"Kalisch, Raffael",6603530754,0
"Von Hippel, William",6603946209,"Müller, Marianne B.",56447615500,0
"Von Hippel, William",6603946209,"Tüscher, Oliver",26021569800,0
"Von Hippel, William",6603946209,"Duarte, José L",56270970700,0
"Von Hippel, William",6603946209,"Crawford, Jarret T.",9247943800,0
"Von Hippel, William",6603946209,"Stern, Charlotta",35957947600,0
"Von Hippel, William",6603946209,"Haidt, Jonathan",6602128532,0
"Von Hippel, William",6603946209,"Jussim, Lee",6601973898,0
"Von Hippel, William",6603946209,"Tetlock, Philip E.",7004674985,0
"Von Hippel, William",6603946209,"Norenzayan, Ara",6602209367,0
"Von Hippel, William",6603946209,"Shariff, Azim F.",20436715000,0
"Von Hippel, William",6603946209,"Gervais, Will M.",35752828300,0
"Von Hippel, William",6603946209,"Willard, Aiyana K.",55220776600,0
"Von Hippel, William",6603946209,"McNamara, Rita A.",56376611300,0
"Von Hippel, William",6603946209,"Slingerland, Edward",57203420340,0
"Von Hippel, William",6603946209,"Henrich, Joseph",35577557300,0
"Von Hippel, William",6603946209,"Richerson, Peter",6602165521,0
"Von Hippel, William",6603946209,"Baldini, Ryan",55279586400,0
"Von Hippel, William",6603946209,"Christiansen, Morten H.",7102525296,0
"Von Hippel, William",6603946209,"Chater, Nick",7007185366,0
"Von Hippel, William",6603946209,"Gowdy, John",7005707658,0
"Von Hippel, William",6603946209,"Krall, Lisi",6603857719,0
"Von Hippel, William",6603946209,"Anderson, Michael L.",57210981816,0
"Von Hippel, William",6603946209,"Baumeister, Roy F.",7102470609,3
"Von Hippel, William",6603946209,"Ainsworth, Sarah E.",55147699200,0
"Von Hippel, William",6603946209,"Vohs, Kathleen D.",7004605055,0
"Von Hippel, William",6603946209,"Morsella, Ezequiel",6602643315,0
"Von Hippel, William",6603946209,"Godwin, Christine A.",55543084500,0
"Von Hippel, William",6603946209,"Jantz, Tiffany K.",55376304400,0
"Von Hippel, William",6603946209,"Krieger, Stephen C.",7004915382,0
"Von Hippel, William",6603946209,"Gazzaley, Adam",6602657531,0
"Von Hippel, William",6603946209,"Mather, Mara",35612038600,0
"Von Hippel, William",6603946209,"Clewett, David",55369461400,0
"Von Hippel, William",6603946209,"Sakaki, Michiko",52364796500,0
"Von Hippel, William",6603946209,"Harley, Carolyn W.",35584583800,0
"Von Hippel, William",6603946209,"Firestone, Chaz",55789103700,0
"Von Hippel, William",6603946209,"Scholl, Brian J.",7004783103,0
"Von Hippel, William",6603946209,"Maestripieri, Dario",7006127701,0
"Von Hippel, William",6603946209,"Henry, Andrea",56400264400,0
"Von Hippel, William",6603946209,"Nickels, Nora",56401229400,0
"Von Hippel, William",6603946209,"Goldin-Meadow, Susan",7004380699,0
"Von Hippel, William",6603946209,"Brentari, Diane",6505907624,0
"Von Hippel, William",6603946209,"Van Lange, Paul A. M.",7004460194,0
"Von Hippel, William",6603946209,"Rinderu, Maria I.",57189369276,0
"Von Hippel, William",6603946209,"Bushman, Brad J.",7007159799,0
"Von Hippel, William",6603946209,"Nettle, Daniel",8517977200,0
"Von Hippel, William",6603946209,"Andrews, Clare",36149256500,0
"Von Hippel, William",6603946209,"Bateson, Melissa",7007065370,0
"Von Hippel, William",6603946209,"Hulleman, Johan",6601997147,0
"Von Hippel, William",6603946209,"Olivers, Christian N. L.",6603803862,0
"Von Hippel, William",6603946209,"Leibovich, Tali",54968395900,0
"Von Hippel, William",6603946209,"Katzin, Naama",57190344133,0
"Von Hippel, William",6603946209,"Harel, Maayan",57436416700,0
"Von Hippel, William",6603946209,"Henik, Avishai",7004441178,0
"Von Hippel, William",6603946209,"Burkart, Judith M.",14029595300,0
"Von Hippel, William",6603946209,"Schubiger, Michèle N.",56755048600,0
"Von Hippel, William",6603946209,"Van Schaik, Carel P.",7006482163,0
"Von Hippel, William",6603946209,"Gervais, Matthew M.",55670347800,0
"Von Hippel, William",6603946209,"Fessler, Daniel M. T.",6603826266,0
"Von Hippel, William",6603946209,"Lake, Brenden M.",56123187100,0
"Von Hippel, William",6603946209,"Ullman, Tomer D.",38461789300,0
"Von Hippel, William",6603946209,"Tenenbaum, Joshua B.",7006818404,0
"Von Hippel, William",6603946209,"Gershman, Samuel J.",35108983800,0
"Von Hippel, William",6603946209,"Branigan, Holly P.",6603228182,0
"Von Hippel, William",6603946209,"Pepper, Gillian V.",55878999200,0
"Von Hippel, William",6603946209,"Menninghaus, Winfried",26034276000,0
"Von Hippel, William",6603946209,"Wagner, Valentin",12805521200,0
"Von Hippel, William",6603946209,"Sperber, Dan",6701821784,0
"Von Hippel, William",6603946209,"Carey, Susan",7103028874,0
"Von Hippel, William",6603946209,"Jones, Matt",57212401671,0
"Von Hippel, William",6603946209,"Love, Bradley C.",7102112661,0
"Von Hippel, William",6603946209,"Elqayam, Shira",22984837000,0
"Von Hippel, William",6603946209,"Evans, Jonathan St. B. T.",55446598800,0
"Von Hippel, William",6603946209,"Müller, Christian P.",7404109791,0
"Von Hippel, William",6603946209,"Schumann, Gunter",7103329271,0
"Von Hippel, William",6603946209,"Guala, Francesco",6603134035,0
"Von Hippel, William",6603946209,"Fincher, Corey L.",16549676000,0
"Von Hippel, William",6603946209,"Thornhill, Randy",36885392500,0
"Von Hippel, William",6603946209,"Lindquist, Kristen A.",13908252800,0
"Von Hippel, William",6603946209,"Wager, Tor D.",6603627020,0
"Von Hippel, William",6603946209,"Kober, Hedy",17346360100,0
"Von Hippel, William",6603946209,"Bliss-Moreau, Eliza",6506839563,0
"Von Hippel, William",6603946209,"Barrett, Lisa Feldman",55663264200,0
"Von Hippel, William",6603946209,"Vaesen, Krist",57188721818,0
"Von Hippel, William",6603946209,"Frost, Ram",7202424714,0
"Von Hippel, William",6603946209,"Dixon, John",57202478953,0
"Von Hippel, William",6603946209,"Levine, Mark",36988990300,0
"Von Hippel, William",6603946209,"Reicher, Steve",55405141800,0
"Von Hippel, William",6603946209,"Durrheim, Kevin",7004220831,0
"Von Hippel, William",6603946209,"Charney, Evan",7006905861,0
"Von Hippel, William",6603946209,"McCullough, Michael E.",7101948673,0
"Von Hippel, William",6603946209,"Kurzban, Robert",6602838403,0
"Von Hippel, William",6603946209,"Tabak, Benjamin A.",36145528200,0
"Von Hippel, William",6603946209,"Baumard, Nicolas",36169147800,0
"Von Hippel, William",6603946209,"André, Jean-Baptiste",53063266700,0
"Von Hippel, William",6603946209,"Bullot, Nicolas J.",15520483900,0
"Von Hippel, William",6603946209,"Reber, Rolf",7003679740,0
"Von Hippel, William",6603946209,"Clark, Andy",56936238400,0
"Von Hippel, William",6603946209,"Pothos, Emmanuel M.",35553426900,0
"Von Hippel, William",6603946209,"Busemeyer, Jerome R.",6603752423,0
"Von Hippel, William",6603946209,"Pickering, Martin J.",7006461382,0
"Von Hippel, William",6603946209,"Garrod, Simon",7004121632,0
"Von Hippel, William",6603946209,"Schilbach, Leonhard",12763058000,0
"Von Hippel, William",6603946209,"Timmermans, Bert",57201081320,0
"Von Hippel, William",6603946209,"Reddy, Vasudevi",7403320680,0
"Von Hippel, William",6603946209,"Costall, Alan",7004021043,0
"Von Hippel, William",6603946209,"Bente, Gary",6602775243,0
"Von Hippel, William",6603946209,"Schlicht, Tobias",37106674900,0
"Von Hippel, William",6603946209,"Vogeley, Kai",7004117310,0
"Von Hippel, William",6603946209,"Van De Vliert, Evert",7004389273,0
"Von Hippel, William",6603946209,"Jeffery, Kathryn J.",26643352100,0
"Von Hippel, William",6603946209,"Jovalekic, Aleksandar",40361252300,0
"Von Hippel, William",6603946209,"Verriotis, Madeleine",14820085500,0
"Von Hippel, William",6603946209,"Hayman, Robin",8050205400,0
"Von Hippel, William",6603946209,"Duckworth, Angela",11138779200,0
"Von Hippel, William",6603946209,"Kable, Joseph W.",6602089946,0
"Von Hippel, William",6603946209,"Myers, Justus",55955476300,0
"Von Hippel, William",6603946209,"Llewellyn, Sue",57206026398,0
"Von Hippel, William",6603946209,"Newell, Ben R.",7003401856,0
"Von Hippel, William",6603946209,"Shanks, David R.",7005569087,0
"Von Hippel, William",6603946209,"Bentley, R. Alexander",57221476279,0
"Von Hippel, William",6603946209,"O'Brien, Michael J.",36128081000,0
"Von Hippel, William",6603946209,"Brock, William A.",35319716100,0
"Von Hippel, William",6603946209,"Huang, Julie Y.",55710733200,0
"Von Hippel, William",6603946209,"Bargh, John A.",7003636643,0
"Von Hippel, William",6603946209,"Cook, Richard",57199442312,0
"Von Hippel, William",6603946209,"Bird, Geoffrey",17342102400,0
"Von Hippel, William",6603946209,"Catmur, Caroline",20336673700,0
"Von Hippel, William",6603946209,"Press, Clare",11838940200,0
"Von Hippel, William",6603946209,"Heyes, Cecilia",7007120930,0
"Von Hippel, William",6603946209,"Smaldino, Paul E.",45861773400,0
"Von Hippel, William",6603946209,"Hibbing, John R.",6603881778,0
"Von Hippel, William",6603946209,"Smith, Kevin B.",57203272910,0
"Von Hippel, William",6603946209,"Alford, John R.",36182933000,0
"Von Hippel, William",6603946209,"Lankford, Adam",27867908500,0
"Von Hippel, William",6603946209,"Wilson, David Sloan",7410084871,0
"Von Hippel, William",6603946209,"Hayes, Steven C.",7202407986,0
"Von Hippel, William",6603946209,"Biglan, Anthony",7005876735,0
"Von Hippel, William",6603946209,"Embry, Dennis D.",6602316223,0
"Von Hippel, William",6603946209,"Cimpian, Andrei",9747828300,0
"Von Hippel, William",6603946209,"Salomon, Erika",56182529700,0
"Von Hippel, William",6603946209,"Ackermann, Hermann",7103112825,0
"Von Hippel, William",6603946209,"Hage, Steffen R.",7005999396,0
"Von Hippel, William",6603946209,"Ziegler, Wolfram",7103225413,0
"Von Hippel, William",6603946209,"Lane, Richard D.",35345386000,0
"Von Hippel, William",6603946209,"Ryan, Lee",7201612163,0
"Von Hippel, William",6603946209,"Nadel, Lynn",35478813600,0
"Von Hippel, William",6603946209,"Greenberg, Leslie",16549658300,0
"Von Hippel, William",6603946209,"Kline, Michelle Ann",36468403000,0
"Von Hippel, William",6603946209,"Pessoa, Luiz",7003927990,0
"Von Hippel, William",6603946209,"Kalisch, Raffael",6603530754,0
"Von Hippel, William",6603946209,"Müller, Marianne B.",56447615500,0
"Von Hippel, William",6603946209,"Tüscher, Oliver",26021569800,0
"Von Hippel, William",6603946209,"Duarte, José L",56270970700,0
"Von Hippel, William",6603946209,"Crawford, Jarret T.",9247943800,0
"Von Hippel, William",6603946209,"Stern, Charlotta",35957947600,0
"Von Hippel, William",6603946209,"Haidt, Jonathan",6602128532,0
"Von Hippel, William",6603946209,"Jussim, Lee",6601973898,0
"Von Hippel, William",6603946209,"Tetlock, Philip E.",7004674985,0
"Von Hippel, William",6603946209,"Norenzayan, Ara",6602209367,0
"Von Hippel, William",6603946209,"Shariff, Azim F.",20436715000,0
"Von Hippel, William",6603946209,"Gervais, Will M.",35752828300,0
"Von Hippel, William",6603946209,"Willard, Aiyana K.",55220776600,0
"Von Hippel, William",6603946209,"McNamara, Rita A.",56376611300,0
"Von Hippel, William",6603946209,"Slingerland, Edward",57203420340,0
"Von Hippel, William",6603946209,"Henrich, Joseph",35577557300,0
"Von Hippel, William",6603946209,"Richerson, Peter",6602165521,0
"Barrett, Lisa Feldman",55663264200,"Shemesh, Yhonatan",57208772769,0
"Barrett, Lisa Feldman",55663264200,"Rahal, Rima-Maria",56811169500,0
"Barrett, Lisa Feldman",55663264200,"Wood, Connor P.",57190301957,0
"Barrett, Lisa Feldman",55663264200,"Stockly, Kate J.",57224251491,0
"Barrett, Lisa Feldman",55663264200,"Zednik, Carlos",37073724500,0
"Barrett, Lisa Feldman",55663264200,"Jäkel, Frank",22985315900,0
"Barrett, Lisa Feldman",55663264200,"Content, Alain",6603067643,0
"Barrett, Lisa Feldman",55663264200,"Velde, Michael Vande",57206776412,0
"Barrett, Lisa Feldman",55663264200,"Adriano, Andrea",47761066300,0
"Barrett, Lisa Feldman",55663264200,"Davies, Kirsty Mary",57193048985,0
"Barrett, Lisa Feldman",55663264200,"Cheke, Lucy Gaia",37119885700,0
"Barrett, Lisa Feldman",55663264200,"Clayton, Nicola Susan",7005846043,0
"Barrett, Lisa Feldman",55663264200,"De Baca, Tomás Cabeza",55216581700,0
"Barrett, Lisa Feldman",55663264200,"Hertler, Steve C.",55839764900,0
"Barrett, Lisa Feldman",55663264200,"Dunkel, Curtis S.",9234632000,0
"Barrett, Lisa Feldman",55663264200,"Ert, Eyal",16028255600,0
"Barrett, Lisa Feldman",55663264200,"Heiman, Amir",7007018227,0
"Barrett, Lisa Feldman",55663264200,"George, Dileep",8411588200,0
"Barrett, Lisa Feldman",55663264200,"González-Márquez, Mónica",6507539713,0
"Barrett, Lisa Feldman",55663264200,"Feist, Michele I.",16645442900,0
"Barrett, Lisa Feldman",55663264200,"Ströbel, Liane",55625245700,0
"Barrett, Lisa Feldman",55663264200,"Grecucci, Alessandro",21742422200,0
"Barrett, Lisa Feldman",55663264200,"Frederickson, Jon",7003827281,0
"Barrett, Lisa Feldman",55663264200,"Job, Remo",7006457536,0
"Barrett, Lisa Feldman",55663264200,"Little, Anthony C.",7101649317,0
"Barrett, Lisa Feldman",55663264200,"Mahowald, Kyle",36696680400,0
"Barrett, Lisa Feldman",55663264200,"James, Ariel",56149492100,0
"Barrett, Lisa Feldman",55663264200,"Futrell, Richard",56444278000,0
"Barrett, Lisa Feldman",55663264200,"Gibson, Edward",7103129379,0
"Barrett, Lisa Feldman",55663264200,"Phillips, Steven",15027040200,0
"Barrett, Lisa Feldman",55663264200,"Takeda, Yuji",7404002216,0
"Barrett, Lisa Feldman",55663264200,"Slevc, L Robert",8594175000,0
"Barrett, Lisa Feldman",55663264200,"Ivanova, Iva",35964128500,0
"Barrett, Lisa Feldman",55663264200,"Spelke, Elizabeth S.",7004416908,0
"Barrett, Lisa Feldman",55663264200,"Blass, Joseph A.",57150456400,0
"Barrett, Lisa Feldman",55663264200,"Blackmore, Susan",7005963860,0
"Barrett, Lisa Feldman",55663264200,"Hobson, Nicholas M.",56412873300,0
"Barrett, Lisa Feldman",55663264200,"Inzlicht, Michael",6507099680,0
"Barrett, Lisa Feldman",55663264200,"Houdek, Petr",56585652600,0
"Barrett, Lisa Feldman",55663264200,"Novakova, Julie",55646937400,0
"Barrett, Lisa Feldman",55663264200,"Stastny, Dan",8832734900,0
"Barrett, Lisa Feldman",55663264200,"Houghton, Conor",7004388816,0
"Barrett, Lisa Feldman",55663264200,"Krasnow, Max M.",13205524400,0
"Barrett, Lisa Feldman",55663264200,"Delton, Andrew W.",8062327100,0
"Barrett, Lisa Feldman",55663264200,"Mojzisch, Andreas",15124350800,0
"Barrett, Lisa Feldman",55663264200,"Schultze, Thomas",54900376700,0
"Barrett, Lisa Feldman",55663264200,"Hüffmeier, Joachim",35573625500,0
"Barrett, Lisa Feldman",55663264200,"Schulz-Hardt, Stefan",6603426593,0
"Barrett, Lisa Feldman",55663264200,"Phaf, R Hans",6701638150,0
"Barrett, Lisa Feldman",55663264200,"Read, Dwight",7201732571,0
"Barrett, Lisa Feldman",55663264200,"Beer, Jennifer S.",7201990783,0
"Barrett, Lisa Feldman",55663264200,"Flagan, Taru",37039436400,0
"Barrett, Lisa Feldman",55663264200,"O'Connor, Cliodhna",52264297700,0
"Barrett, Lisa Feldman",55663264200,"Joffe, Helene",7007057357,0
"Barrett, Lisa Feldman",55663264200,"Lafreniere, Peter",6602729693,0
"Barrett, Lisa Feldman",55663264200,"Davis, Taylor",56239413900,0
"Barrett, Lisa Feldman",55663264200,"Robbins, Philip",8357036700,0
"Barrett, Lisa Feldman",55663264200,"Shields, Kenneth",56239693400,0
"Barrett, Lisa Feldman",55663264200,"Cuzen, Natalie L.",37103800900,0
"Barrett, Lisa Feldman",55663264200,"Fineberg, Naomi A.",35413253200,0
"Barrett, Lisa Feldman",55663264200,"Stein, Dan J.",55769747595,0
"Barrett, Lisa Feldman",55663264200,"Holt, Lori L.",26643252300,0
"Barrett, Lisa Feldman",55663264200,"Lotto, Andrew J.",7006276252,0
"Barrett, Lisa Feldman",55663264200,"Washington, Natalia",56145119500,0
"Barrett, Lisa Feldman",55663264200,"Kelly, Daniel",35315870500,0
"Barrett, Lisa Feldman",55663264200,"Godzińska, Ewa Joanna",55954268200,0
"Barrett, Lisa Feldman",55663264200,"Wróbel, Andrzej",17341642300,0
"Barrett, Lisa Feldman",55663264200,"Helzer, Erik G.",25927132500,0
"Barrett, Lisa Feldman",55663264200,"Persaud, Navindra",35761507200,0
"Barrett, Lisa Feldman",55663264200,"McLeod, Peter",34974362700,0
"Barrett, Lisa Feldman",55663264200,"Bonato, Mario",23468553800,0
"Barrett, Lisa Feldman",55663264200,"Zorzi, Marco",7102431895,0
"Barrett, Lisa Feldman",55663264200,"Umiltà, Carlo",7005333781,0
"Barrett, Lisa Feldman",55663264200,"Deliens, Gaétane",48861207900,0
"Barrett, Lisa Feldman",55663264200,"Schwartz, Sophie",55449268800,0
"Barrett, Lisa Feldman",55663264200,"Peigneux, Philippe",7003878030,0
"Barrett, Lisa Feldman",55663264200,"Dominey, Peter Ford",7004714357,0
"Barrett, Lisa Feldman",55663264200,"Staniloiua, Angelica",32868198700,0
"Barrett, Lisa Feldman",55663264200,"Gelfand, Michele J.",7201803113,0
"Barrett, Lisa Feldman",55663264200,"Lun, Janetta",22935199900,0
"Barrett, Lisa Feldman",55663264200,"Gariépy, Jean-François",15753543200,0
"Barrett, Lisa Feldman",55663264200,"Chang, Steve W. C.",55494250200,0
"Barrett, Lisa Feldman",55663264200,"Platt, Michael L.",7101732687,0
"Barrett, Lisa Feldman",55663264200,"Krach, Sören",56738915100,0
"Barrett, Lisa Feldman",55663264200,"Müller-Pinzler, Laura",55338744000,0
"Barrett, Lisa Feldman",55663264200,"Westermann, Stefan",35148821200,0
"Barrett, Lisa Feldman",55663264200,"Paulus, Frieder M.",37026852200,0
"Barrett, Lisa Feldman",55663264200,"Rietveld, Erik",26430010200,0
"Barrett, Lisa Feldman",55663264200,"De Haan, Sanneke",35147646200,0
"Barrett, Lisa Feldman",55663264200,"Denys, Damiaan",56035058700,0
"Barrett, Lisa Feldman",55663264200,"Grace, Randolph C.",55220531900,0
"Barrett, Lisa Feldman",55663264200,"Kemp, Simon",7102089128,0
"Barrett, Lisa Feldman",55663264200,"Houston, Alasdair I.",7102569342,0
"Barrett, Lisa Feldman",55663264200,"Wiesner, Karoline",7005644798,0
"Barrett, Lisa Feldman",55663264200,"Feddes, Allard R.",26532735300,0
"Barrett, Lisa Feldman",55663264200,"Mann, Liesbeth",55520446400,0
"Barrett, Lisa Feldman",55663264200,"Doosje, Bertjan",6602698835,0
"Barrett, Lisa Feldman",55663264200,"Friedmanna, Naama",7003570533,0
"Barrett, Lisa Feldman",55663264200,"Gviona, Aviah",6508272364,0
"Barrett, Lisa Feldman",55663264200,"Szwed, Marcin",6603595068,0
"Pickering, Martin J.",7006461382,"Meyer, Antje S.",7401839760,0
"Pickering, Martin J.",7006461382,"Oda, Ryo",56277585700,0
"Pickering, Martin J.",7006461382,"Sprouse, Jon",25825610700,0
"Pickering, Martin J.",7006461382,"Almeida, Diogo",55445667700,0
"Pickering, Martin J.",7006461382,"Wu, Rachel",57213489653,0
"Pickering, Martin J.",7006461382,"Zhao, Jiaying",55837186700,0
"Pickering, Martin J.",7006461382,"Dux, Paul E.",7004246809,0
"Pickering, Martin J.",7006461382,"Franz, Elizabeth A.",7006485082,0
"Pickering, Martin J.",7006461382,"Hornsey, Matthew J.",6701768949,0
"Pickering, Martin J.",7006461382,"Jetten, Jolanda",7003316543,0
"Pickering, Martin J.",7006461382,"Huntsinger, Jeffrey R.",24833004200,0
"Pickering, Martin J.",7006461382,"Storbeck, Justin",9249604700,0
"Pickering, Martin J.",7006461382,"Mudrik, Liad",57203920329,0
"Pickering, Martin J.",7006461382,"Nijstad, Bernard A.",6506090416,0
"Pickering, Martin J.",7006461382,"De Dreu, Carsten K W",7004919593,0
"Pickering, Martin J.",7006461382,"Glowacki, Luke",55029988600,0
"Pickering, Martin J.",7006461382,"Wrangham, Richard W.",7003697368,0
"Pickering, Martin J.",7006461382,"Strange, Bryan A.",6602104707,0
"Pickering, Martin J.",7006461382,"Galarza-Vallejo, Ana",57204064048,0
"Pickering, Martin J.",7006461382,"Pascual-Leone, Juan",6701693145,0
"Pickering, Martin J.",7006461382,"Pascual-Leone, Antonio",13205679100,0
"Pickering, Martin J.",7006461382,"Arsalidou, Marie",26665961200,0
"Pickering, Martin J.",7006461382,"Zaretsky, Ari E.",6701340527,0
"Pickering, Martin J.",7006461382,"Vuilleumier, Patrik",57200075380,0
"Pickering, Martin J.",7006461382,"Lenti Boero, Daniela",6603387054,0
"Pickering, Martin J.",7006461382,"Bastian, Brock",7005685014,0
"Pickering, Martin J.",7006461382,"Dunham, Yarrow",14630304300,0
"Pickering, Martin J.",7006461382,"Sarkar, Sahotra",57212202531,0
"Pickering, Martin J.",7006461382,Dunn B.D.,10140233000,0
"Pickering, Martin J.",7006461382,Lawrence N.S.,55983493400,0
"Pickering, Martin J.",7006461382,Milton F.N.,24335612100,0
"Pickering, Martin J.",7006461382,Verbruggen F.,6603439034,0
"Pickering, Martin J.",7006461382,Stevens T.,55804860800,0
"Pickering, Martin J.",7006461382,McAndrew A.,55332655000,0
"Pickering, Martin J.",7006461382,Yeates F.,55815505100,0
"Pickering, Martin J.",7006461382,"Schmidt, Colin T.",14036157300,0
"Pickering, Martin J.",7006461382,"Girard, Todd A.",7007128562,0
"Pickering, Martin J.",7006461382,"Harrisona, Justin M. D.",55955517400,0
"Pickering, Martin J.",7006461382,"Kirov, Roumen",6601944862,0
"Pickering, Martin J.",7006461382,"Güss, C. Dominik",23012391500,0
"Pickering, Martin J.",7006461382,"Powers, David M. W.",35944372800,0
"Pickering, Martin J.",7006461382,"Zappettini, Shane",55879953900,0
"Pickering, Martin J.",7006461382,"Allen, Colin",7402266863,0
"Pickering, Martin J.",7006461382,"Crain, Stephen",7007177011,0
"Pickering, Martin J.",7006461382,"Garzillo, Carmine",6602745349,0
"Pickering, Martin J.",7006461382,"Trautteur, Giuseppe",15842543900,0
"Pickering, Martin J.",7006461382,"Schanker, Benjamin D.",35090352100,0
"Pickering, Martin J.",7006461382,"Jacquet, Pierre O",24829468600,0
"Pickering, Martin J.",7006461382,"Tessari, Alessia",57221410077,0
"Pickering, Martin J.",7006461382,"Binkofski, Ferdinand",7003382482,0
"Pickering, Martin J.",7006461382,"Hechtman, Lisa A.",55229267600,0
"Pickering, Martin J.",7006461382,"Pornpattananangkul, Narun",55229342400,0
"Pickering, Martin J.",7006461382,"Chiao, Joan Y.",36771521300,0
"Pickering, Martin J.",7006461382,"Humeny, Courtney",55229394900,0
"Pickering, Martin J.",7006461382,"Kelly, Deirdre",57209149200,0
"Pickering, Martin J.",7006461382,"Brook, Andrew",7006081347,0
"Pickering, Martin J.",7006461382,"Murphy, Fionnuala C.",7201558316,0
"Pickering, Martin J.",7006461382,"Ewbank, Michael P.",6603711468,0
"Pickering, Martin J.",7006461382,"Calder, Andrew J.",7102367257,0
"Pickering, Martin J.",7006461382,"Dukes, Amber",55878923400,0
"Pickering, Martin J.",7006461382,"Coulombe, Patrick",37035781700,0
"Pickering, Martin J.",7006461382,"Schaller, Mark",7103217695,0
"Pickering, Martin J.",7006461382,"Murray, Damian R.",24080951100,0
"Pickering, Martin J.",7006461382,"Vandello, Joseph A.",6603477930,0
"Pickering, Martin J.",7006461382,"Hettinger, Vanessa E.",35167919000,0
"Pickering, Martin J.",7006461382,"Waynforth, David",7801390759,0
"Pickering, Martin J.",7006461382,"Jensen, Keith",15845726000,0
"Pickering, Martin J.",7006461382,"Miller, Geoffrey F.",7404979457,0
"Pickering, Martin J.",7006461382,"Glymour, Clark",57204338554,0
"Pickering, Martin J.",7006461382,"Lu, Hongjing",7404843551,0
"Pickering, Martin J.",7006461382,"Schlesinger, Matthew",57223611980,0
"Pickering, Martin J.",7006461382,"Amso, Dima",6506971908,0
"Pickering, Martin J.",7006461382,"Harrell, Maralee",37861263700,0
"Pickering, Martin J.",7006461382,"Nordli, Samuel A.",57195148199,0
"Pickering, Martin J.",7006461382,"Hirt, Edward R.",7003654943,0
"Pickering, Martin J.",7006461382,"Baggs, Edward",57203156326,0
"Pickering, Martin J.",7006461382,"Chemero, Anthony",54790521400,0
"Pickering, Martin J.",7006461382,"Reddy, Rachna B.",56049047000,0
"Pickering, Martin J.",7006461382,"Wellman, Henry M.",7005780787,0
"Pickering, Martin J.",7006461382,"Scharinger, Mathias",24766980400,0
"Pickering, Martin J.",7006461382,"Aggleton, John P.",7005831814,0
"Pickering, Martin J.",7006461382,"Elbau, Immanuel G.",57193729839,0
"Pickering, Martin J.",7006461382,"Binder, Elisabeth B.",7005123219,0
"Pickering, Martin J.",7006461382,"Keijzer, Fred",6602199856,0
"Pickering, Martin J.",7006461382,"Tabb, Kathryn",56223734400,0
"Pickering, Martin J.",7006461382,"Beal, Bree",57220412390,0
"Pickering, Martin J.",7006461382,"Buscema, Massimo",57212649924,0
"Pickering, Martin J.",7006461382,"Hershfield, Hal Ersner",53877524700,0
"Pickering, Martin J.",7006461382,"Alter, Adam Lee",22133243900,0
"Pickering, Martin J.",7006461382,"Kendon, Adam",24600083900,0
"Pickering, Martin J.",7006461382,"Oatley, Keith",7003368077,0
"Pickering, Martin J.",7006461382,"Occhino, Corrine",57190844316,0
"Pickering, Martin J.",7006461382,"Wilcox, Sherman",8320764800,0
"Pickering, Martin J.",7006461382,"Strickland, Brent",49962193300,0
"Pickering, Martin J.",7006461382,"Aristodemo, Valentina",57189071108,0
"Pickering, Martin J.",7006461382,"Kuhn, Jeremy",57190178494,0
"Pickering, Martin J.",7006461382,"Geraci, Carlo",23091037700,0
"Pickering, Martin J.",7006461382,"Wagoner, Brady",22959200100,0
"Pickering, Martin J.",7006461382,"Wermter, Stefan",7003826680,0
"Pickering, Martin J.",7006461382,"Griffiths, Sascha",53879604400,0
"Newell, Ben R.",7003401856,"Agrillo, Christian",13807243100,0
"Newell, Ben R.",7003401856,"Bisazza, Angelo",7003912917,0
"Newell, Ben R.",7003401856,"Campbell, Anne",7403505167,0
"Newell, Ben R.",7003401856,"Davies, Stephen",35564140800,0
"Newell, Ben R.",7003401856,"Lec, Fabrice Le",57205247772,0
"Newell, Ben R.",7003401856,"Alexopoulos, Theodore",55210029300,0
"Newell, Ben R.",7003401856,"Boulu-Reshef, Béatrice",55807060100,0
"Newell, Ben R.",7003401856,"Fayant, Marie-Pierre",36456682800,0
"Newell, Ben R.",7003401856,"Zenasni, Franck",11239246300,0
"Newell, Ben R.",7003401856,"Jacquemet, Nicolas",56441494800,0
"Newell, Ben R.",7003401856,"Leddington, Jason",38761708800,0
"Newell, Ben R.",7003401856,"Liebal, Katja",6508355048,0
"Newell, Ben R.",7003401856,"Motamedi, Yasamin",57205108135,0
"Newell, Ben R.",7003401856,"Schouwstra, Marieke",56094930900,0
"Newell, Ben R.",7003401856,"Kirby, Simon",7102236888,0
"Newell, Ben R.",7003401856,"Nadal, Marcos",24449476800,0
"Newell, Ben R.",7003401856,"Vartanian, Oshin",6701352028,0
"Newell, Ben R.",7003401856,"Skov, Martin",36495653300,0
"Newell, Ben R.",7003401856,"Robinson, Angela R.",57206160073,0
"Newell, Ben R.",7003401856,"Piff, Paul K.",18042527100,0
"Newell, Ben R.",7003401856,"Smith, Trenton G.",7405501458,0
"Newell, Ben R.",7003401856,"Belzung, Catherine",55987724700,0
"Newell, Ben R.",7003401856,"de Villemeur, Etienne Billette",55664376800,0
"Newell, Ben R.",7003401856,"Grevin, Anouk",37022852200,0
"Newell, Ben R.",7003401856,"Iorio, Gennaro",55342308600,0
"Newell, Ben R.",7003401856,Larkum M.E.,6603403679,0
"Newell, Ben R.",7003401856,"Morin, Olivier",57147206700,0
"Newell, Ben R.",7003401856,"Parkinson, Carolyn",55901994700,0
"Newell, Ben R.",7003401856,"Ross, Don",57203912283,0
"Newell, Ben R.",7003401856,"Tseng, Philip",24598351200,0
"Newell, Ben R.",7003401856,"Lane, Timothy",35307267900,0
"Newell, Ben R.",7003401856,"Abney, Drew H.",54940582900,0
"Newell, Ben R.",7003401856,"Cutting, James E.",7005410449,0
"Newell, Ben R.",7003401856,"Freeman, Jonathan B.",55371036900,0
"Newell, Ben R.",7003401856,"Ecker, Bruce",36855291600,0
"Newell, Ben R.",7003401856,"Hulley, Laurel",56445419300,0
"Newell, Ben R.",7003401856,"Ticic, Robin",56445511200,0
"Newell, Ben R.",7003401856,"Johnston, Angie M.",56008488300,0
"Newell, Ben R.",7003401856,"McAuliffe, Katherine",14040496500,0
"Newell, Ben R.",7003401856,"Patihis, Lawrence",55978608000,0
"Newell, Ben R.",7003401856,"Poddiakov, Alexander",6506122859,0
"Newell, Ben R.",7003401856,"Harris, Paul L.",7403636494,0
"Newell, Ben R.",7003401856,"Catania, A. Charles",7102301514,0
"Newell, Ben R.",7003401856,"Petkov, Christopher I.",9043257600,0
"Newell, Ben R.",7003401856,"Jarvis, Erich D.",35414140800,0
"Newell, Ben R.",7003401856,"Yzerbyt, Vincent Y.",7004847974,0
"Newell, Ben R.",7003401856,"Demoulin, Stéphanie",6603247818,0
"Newell, Ben R.",7003401856,"Provine, Robert R.",7003943305,0
"Newell, Ben R.",7003401856,"Hobson, Allan",7102667150,0
"Newell, Ben R.",7003401856,"Holmes, Kevin J.",45861112500,0
"Newell, Ben R.",7003401856,"Wolff, Phillip",7101880534,0
"Newell, Ben R.",7003401856,"Klatzky, Roberta L.",7005851396,0
"Newell, Ben R.",7003401856,"Giudice, Nicholas A.",15724751900,0
"Newell, Ben R.",7003401856,"Loughnan, Steve",16068999200,0
"Newell, Ben R.",7003401856,"Bratanova, Boyka",35955578400,0
"Newell, Ben R.",7003401856,"Slaby, Jan",24068186300,0
"Newell, Ben R.",7003401856,"Cole, Jonathan",19642530100,0
"Newell, Ben R.",7003401856,"Dindo, Haris",6504675060,0
"Newell, Ben R.",7003401856,"Rabagliati, Hugh",14319370000,0
"Newell, Ben R.",7003401856,"Bemis, Douglas K.",35315340500,0
"Newell, Ben R.",7003401856,"Baldo, Marcus Vinícius C.",7103225861,0
"Newell, Ben R.",7003401856,"Donkin, Chris",24176567700,13
"Newell, Ben R.",7003401856,"Langdridge, Darren",9277467800,0
"Newell, Ben R.",7003401856,"Seger, Charles",7004800048,0
"Newell, Ben R.",7003401856,"Pelli, Denis G.",7003315905,0
"Newell, Ben R.",7003401856,"Chung, Susana T. L.",10440472700,0
"Newell, Ben R.",7003401856,"Legge, Gordon E.",7005064208,0
"Newell, Ben R.",7003401856,"Dos Santos, Miguel",35767773500,0
"Newell, Ben R.",7003401856,"Wedekind, Claus",7005160466,0
"Newell, Ben R.",7003401856,"Achourioti, Theodora",42861005900,0
"Newell, Ben R.",7003401856,"Fugard, Andrew",8923645900,0
"Newell, Ben R.",7003401856,"Stenning, Keith",6602698191,0
"Newell, Ben R.",7003401856,"Stanovich, Keith E.",7006829395,0
"Newell, Ben R.",7003401856,"Godfrey-Smith, Peter",6602877617,0
"Newell, Ben R.",7003401856,"Yegnashankaran, Kritika",55535927300,0
"Newell, Ben R.",7003401856,"Gangestad, Steven W.",7004882413,0
"Newell, Ben R.",7003401856,"Kramer, Peter",7201517127,0
"Newell, Ben R.",7003401856,"Bressan, Paola",7003861986,0
"Newell, Ben R.",7003401856,"Bermúdez, Juan Pablo",57194207549,0
"Newell, Ben R.",7003401856,"Bieleke, Maik",56059190200,0
"Newell, Ben R.",7003401856,"Wolff, Wanja",55782245300,0
"Newell, Ben R.",7003401856,"Stewart, Andrew",57216649883,0
"Newell, Ben R.",7003401856,"Choshen-Hillel, Shoham",26532284500,0
"Newell, Ben R.",7003401856,"Wallbridge, Beau",57204665469,0
"Newell, Ben R.",7003401856,"De Corte, Benjamin J.",56928229400,0
"Newell, Ben R.",7003401856,"Wasserman, Edward A.",35549368300,0
"Newell, Ben R.",7003401856,"Gibson, Quinn Hiroshi",57203432214,0
"Newell, Ben R.",7003401856,"Hyland, Michael E.",57205535956,0
"Newell, Ben R.",7003401856,"Jones, Ilenna Simone",57211345347,0
"Newell, Ben R.",7003401856,"Pellicano, Elizabeth",6507658484,0
"Newell, Ben R.",7003401856,"Den Houting, Jacquiline",57201397233,0
"Newell, Ben R.",7003401856,"Du Plooy, Lee",57353986400,0
"Newell, Ben R.",7003401856,"Lilley, Rozanna",37761671000,0
"Newell, Ben R.",7003401856,"Sinhababu, Neil",26033673700,0
"Newell, Ben R.",7003401856,"Barth, Hilary C.",8082874500,0
"Newell, Ben R.",7003401856,"Patalano, Andrea L.",6602334737,0
"Newell, Ben R.",7003401856,"Benoit, Roland G.",23990126300,0
"Newell, Ben R.",7003401856,"Berkers, Ruud M. W. J.",55879439300,0
"Newell, Ben R.",7003401856,"Paulus, Philipp C.",57159231400,0
"Newell, Ben R.",7003401856,"Stocker, Alan A.",7006884167,0
"Biglan, Anthony",7005876735,"Lampinen, Andrew K.",57200337008,0
"Biglan, Anthony",7005876735,"Suri, Gaurav",54380998200,0
"Biglan, Anthony",7005876735,"McClelland, James L.",57198096249,0
"Biglan, Anthony",7005876735,"Schein, Stevie S.",34868692300,0
"Biglan, Anthony",7005876735,"Trujillo, Logan T.",7004592186,0
"Biglan, Anthony",7005876735,"Langlois, Judith H.",7103151433,0
"Biglan, Anthony",7005876735,"Tappin, Ben M.",57193737528,0
"Biglan, Anthony",7005876735,"Abrams, Dominic",7101975318,0
"Biglan, Anthony",7005876735,"Wells, Jonathan C.K.",57204543012,0
"Biglan, Anthony",7005876735,"Atran, Scott",6701782463,0
"Biglan, Anthony",7005876735,"Burkart, Judith Maria",14029595300,0
"Biglan, Anthony",7005876735,"Hackel, Leor M.",55978697400,0
"Biglan, Anthony",7005876735,"Larson, Grace M.",55962805100,0
"Biglan, Anthony",7005876735,"Bowen, Jeffrey D.",56245026900,0
"Biglan, Anthony",7005876735,"Ehrlich, Gaven A.",56719226100,0
"Biglan, Anthony",7005876735,"Mann, Thomas C.",56566171800,0
"Biglan, Anthony",7005876735,"Middlewood, Brianna",56003195700,0
"Biglan, Anthony",7005876735,"Roberts, Ian D.",56321327000,0
"Biglan, Anthony",7005876735,"Eyink, Julie",57191962783,0
"Biglan, Anthony",7005876735,"Fetterolf, Janell C.",37076877300,0
"Biglan, Anthony",7005876735,"Gonzalez, Fausto",57203920489,0
"Biglan, Anthony",7005876735,"Garrido, Carlos O.",55884218400,0
"Biglan, Anthony",7005876735,"Kim, Jinhyung",56358414800,0
"Biglan, Anthony",7005876735,"Porte, Helene Sophrin",7005689400,0
"Biglan, Anthony",7005876735,"Crespi, Bernard J.",7006487408,0
"Biglan, Anthony",7005876735,"Gardiner, Martin Frederick",25223058500,0
"Biglan, Anthony",7005876735,"Winegard, Benjamin",36350354200,0
"Biglan, Anthony",7005876735,"Geary, David C.",7102892794,0
"Biglan, Anthony",7005876735,"Bryant, Gregory A.",10438889600,0
"Biglan, Anthony",7005876735,"Lameira, Adriano R.",24331694400,0
"Biglan, Anthony",7005876735,"Baron, Andrew Scott",12786999200,0
"Biglan, Anthony",7005876735,"Khalidi, Muhammad Ali",56342215500,0
"Biglan, Anthony",7005876735,"Mugg, Joshua",55886491400,0
"Biglan, Anthony",7005876735,"Gray, Jacqueline M.",37019316300,0
"Biglan, Anthony",7005876735,"Dickins, Thomas E.",6603291154,0
"Biglan, Anthony",7005876735,"Zayas, Vivian",57204336935,0
"Biglan, Anthony",7005876735,"Günaydin, Gül",56994332900,0
"Biglan, Anthony",7005876735,"Pandey, Gayathri",57203617560,0
"Biglan, Anthony",7005876735,"Bianchi, Ivana",24450367900,0
"Biglan, Anthony",7005876735,"Bertamini, Marco",7004642557,0
"Biglan, Anthony",7005876735,"Novick, Jared M.",7003299292,0
"Biglan, Anthony",7005876735,"Rakow, Tim",6701854851,0
"Biglan, Anthony",7005876735,"Stewart, Terrence C.",15835430800,0
"Biglan, Anthony",7005876735,"Eliasmith, Chris",6603720957,0
"Biglan, Anthony",7005876735,"Levinson, Jerrold",16491558100,0
"Biglan, Anthony",7005876735,"McManus, Chris",7005482141,0
"Biglan, Anthony",7005876735,"Bonnefon, Jean-François",6506569044,0
"Biglan, Anthony",7005876735,"Girotto, Vittorio",6604024069,0
"Biglan, Anthony",7005876735,"Heimann, Marco",55669782800,0
"Biglan, Anthony",7005876735,"Legrenzi, Paolo",6603944613,0
"Biglan, Anthony",7005876735,"Jost, John T.",24492154100,0
"Biglan, Anthony",7005876735,"Stern, Chadly",55520930800,0
"Biglan, Anthony",7005876735,"Kalkstein, David A.",55519801100,0
"Biglan, Anthony",7005876735,"Madisona, Guy",55519831300,0
"Biglan, Anthony",7005876735,"Ullén, Fredrik",6602870603,0
"Biglan, Anthony",7005876735,David Navarrete C.,7006391045,0
"Biglan, Anthony",7005876735,"McDonald, Melissa M.",36174053600,0
"Biglan, Anthony",7005876735,"Davis, Colin J.",57189229379,0
"Biglan, Anthony",7005876735,"Ravid, Dorit",6701495689,0
"Biglan, Anthony",7005876735,"Bereby-Meyer, Yoella",6602602634,0
"Biglan, Anthony",7005876735,Runciman W.G.,7005331767,0
"Biglan, Anthony",7005876735,"Balliet, Daniel P.",24068367200,0
"Biglan, Anthony",7005876735,"Ijzerman, Hans",23397011000,0
"Biglan, Anthony",7005876735,"Goudie, Andrew J.",7101905479,0
"Biglan, Anthony",7005876735,"Gullo, Matthew J.",6701742081,0
"Biglan, Anthony",7005876735,"Rose, Abigail K.",11139990900,0
"Biglan, Anthony",7005876735,"Christiansen, Paul",57221973488,0
"Biglan, Anthony",7005876735,"Cole, Jonathan C.",55090901400,0
"Biglan, Anthony",7005876735,"Field, Matt",7201475798,0
"Biglan, Anthony",7005876735,"Sumnall, Harry",6603085104,0
"Biglan, Anthony",7005876735,"Lende, Daniel H.",15728031600,0
"Biglan, Anthony",7005876735,McLaren I.P.L.,7005197430,0
"Biglan, Anthony",7005876735,"Wills, Andy J.",35494115300,0
"Biglan, Anthony",7005876735,Graham S.,57203643450,0
"Biglan, Anthony",7005876735,"Fridland, Ellen",37035902000,0
"Biglan, Anthony",7005876735,"Bolis, Dimitris",24824095400,0
"Biglan, Anthony",7005876735,"Shimansky, Yury P.",6701364243,0
"Biglan, Anthony",7005876735,"Schulz, Armin W.",7202259127,0
"Biglan, Anthony",7005876735,"Simon, Dan",19738976700,0
"Biglan, Anthony",7005876735,"Holyoak, Keith J.",7003743200,0
"Biglan, Anthony",7005876735,"Vilas, Martina G.",57195995684,0
"Biglan, Anthony",7005876735,"Melloni, Lucia",22938003800,0
"Biglan, Anthony",7005876735,"Arsiwalla, Xerxes D.",12244600000,0
"Biglan, Anthony",7005876735,"Bote, Ruben Moreno",8358059400,0
"Biglan, Anthony",7005876735,"Verschure, Paul",7006315557,0
"Biglan, Anthony",7005876735,"Braem, Senne",39862756800,0
"Biglan, Anthony",7005876735,"Hommel, Bernhard",7005738313,0
"Biglan, Anthony",7005876735,"Eronen, Markus I.",35324409300,0
"Biglan, Anthony",7005876735,"Bringmann, Laura F.",55931645800,0
"Biglan, Anthony",7005876735,"Gallistel, Charles R.",7004541991,0
"Biglan, Anthony",7005876735,"Gauthier, Jon",57215326209,0
"Biglan, Anthony",7005876735,"Loula, João",57195469726,0
"Biglan, Anthony",7005876735,"Pollock, Eli",57196345344,0
"Biglan, Anthony",7005876735,"Wilson, Tyler Brooke",57215313307,0
"Biglan, Anthony",7005876735,"Wong, Catherine",57221027066,0
"Biglan, Anthony",7005876735,"McAuliffe, William H B",57093457500,0
"Biglan, Anthony",7005876735,Jiaqing O.,57210726022,0
"Biglan, Anthony",7005876735,"Brüne, Martin",7102424684,0
"Biglan, Anthony",7005876735,"Radford, Andrew N.",7102332799,0
"Biglan, Anthony",7005876735,"Schindler, Susanne",55388249500,0
"Stern, Charlotta",35957947600,"Wilhelm, Oliver",56230659300,0
"Stern, Charlotta",35957947600,"Riva, Giuseppe",56962750600,0
"Stern, Charlotta",35957947600,"Di Lernia, Daniele",57189076325,0
"Stern, Charlotta",35957947600,"Serino, Silvia",54910848200,0
"Stern, Charlotta",35957947600,"Robinson, Mike James Ferrar",57208936140,0
"Stern, Charlotta",35957947600,"Berntsen, Dorthe",6603597983,0
"Stern, Charlotta",35957947600,"Sterelny, Kim",6603171570,0
"Stern, Charlotta",35957947600,"Fowers, Blaine J.",7003472615,0
"Stern, Charlotta",35957947600,"Anderson, Austen R.",56733987000,0
"Stern, Charlotta",35957947600,"Lang, Samantha F.",56050336900,0
"Stern, Charlotta",35957947600,"Hammond, Stuart I.",11839101400,0
"Stern, Charlotta",35957947600,"Smith, Philip L.",56978188100,0
"Stern, Charlotta",35957947600,"Spreng, R. Nathan",16234469200,0
"Stern, Charlotta",35957947600,"Paolacci, Gabriele",36499940900,0
"Stern, Charlotta",35957947600,"Chandler, Jesse",7201941508,0
"Stern, Charlotta",35957947600,"Pennycook, Gordon",50061672800,0
"Stern, Charlotta",35957947600,"Wyart, Valentin",23971488000,0
"Stern, Charlotta",35957947600,"Agrillo, Christian",13807243100,0
"Stern, Charlotta",35957947600,"Bisazza, Angelo",7003912917,0
"Stern, Charlotta",35957947600,"Campbell, Anne",7403505167,0
"Stern, Charlotta",35957947600,"Davies, Stephen",35564140800,0
"Stern, Charlotta",35957947600,"Lec, Fabrice Le",57205247772,0
"Stern, Charlotta",35957947600,"Alexopoulos, Theodore",55210029300,0
"Stern, Charlotta",35957947600,"Boulu-Reshef, Béatrice",55807060100,0
"Stern, Charlotta",35957947600,"Fayant, Marie-Pierre",36456682800,0
"Stern, Charlotta",35957947600,"Zenasni, Franck",11239246300,0
"Stern, Charlotta",35957947600,"Jacquemet, Nicolas",56441494800,0
"Stern, Charlotta",35957947600,"Leddington, Jason",38761708800,0
"Stern, Charlotta",35957947600,"Liebal, Katja",6508355048,0
"Stern, Charlotta",35957947600,"Motamedi, Yasamin",57205108135,0
"Stern, Charlotta",35957947600,"Schouwstra, Marieke",56094930900,0
"Stern, Charlotta",35957947600,"Kirby, Simon",7102236888,0
"Stern, Charlotta",35957947600,"Nadal, Marcos",24449476800,0
"Stern, Charlotta",35957947600,"Vartanian, Oshin",6701352028,0
"Stern, Charlotta",35957947600,"Skov, Martin",36495653300,0
"Stern, Charlotta",35957947600,"Robinson, Angela R.",57206160073,0
"Stern, Charlotta",35957947600,"Piff, Paul K.",18042527100,0
"Stern, Charlotta",35957947600,"Smith, Trenton G.",7405501458,0
"Stern, Charlotta",35957947600,"Belzung, Catherine",55987724700,0
"Stern, Charlotta",35957947600,"de Villemeur, Etienne Billette",55664376800,0
"Stern, Charlotta",35957947600,"Grevin, Anouk",37022852200,0
"Stern, Charlotta",35957947600,"Iorio, Gennaro",55342308600,0
"Stern, Charlotta",35957947600,Larkum M.E.,6603403679,0
"Stern, Charlotta",35957947600,"Morin, Olivier",57147206700,0
"Stern, Charlotta",35957947600,"Parkinson, Carolyn",55901994700,0
"Stern, Charlotta",35957947600,"Ross, Don",57203912283,0
"Stern, Charlotta",35957947600,"Tseng, Philip",24598351200,0
"Stern, Charlotta",35957947600,"Lane, Timothy",35307267900,0
"Stern, Charlotta",35957947600,"Abney, Drew H.",54940582900,0
"Stern, Charlotta",35957947600,"Cutting, James E.",7005410449,0
"Stern, Charlotta",35957947600,"Freeman, Jonathan B.",55371036900,0
"Stern, Charlotta",35957947600,"Ecker, Bruce",36855291600,0
"Stern, Charlotta",35957947600,"Hulley, Laurel",56445419300,0
"Stern, Charlotta",35957947600,"Ticic, Robin",56445511200,0
"Stern, Charlotta",35957947600,"Johnston, Angie M.",56008488300,0
"Stern, Charlotta",35957947600,"McAuliffe, Katherine",14040496500,0
"Stern, Charlotta",35957947600,"Patihis, Lawrence",55978608000,0
"Stern, Charlotta",35957947600,"Poddiakov, Alexander",6506122859,0
"Stern, Charlotta",35957947600,"Harris, Paul L.",7403636494,0
"Stern, Charlotta",35957947600,"Catania, A. Charles",7102301514,0
"Stern, Charlotta",35957947600,"Petkov, Christopher I.",9043257600,0
"Stern, Charlotta",35957947600,"Jarvis, Erich D.",35414140800,0
"Stern, Charlotta",35957947600,"Yzerbyt, Vincent Y.",7004847974,0
"Stern, Charlotta",35957947600,"Demoulin, Stéphanie",6603247818,0
"Stern, Charlotta",35957947600,"Provine, Robert R.",7003943305,0
"Stern, Charlotta",35957947600,"Hobson, Allan",7102667150,0
"Stern, Charlotta",35957947600,"Holmes, Kevin J.",45861112500,0
"Stern, Charlotta",35957947600,"Wolff, Phillip",7101880534,0
"Stern, Charlotta",35957947600,"Klatzky, Roberta L.",7005851396,0
"Stern, Charlotta",35957947600,"Giudice, Nicholas A.",15724751900,0
"Stern, Charlotta",35957947600,"Loughnan, Steve",16068999200,0
"Stern, Charlotta",35957947600,"Bratanova, Boyka",35955578400,0
"Stern, Charlotta",35957947600,"Slaby, Jan",24068186300,0
"Stern, Charlotta",35957947600,"Cole, Jonathan",19642530100,0
"Stern, Charlotta",35957947600,"Dindo, Haris",6504675060,0
"Stern, Charlotta",35957947600,"Rabagliati, Hugh",14319370000,0
"Stern, Charlotta",35957947600,"Bemis, Douglas K.",35315340500,0
"Stern, Charlotta",35957947600,"Baldo, Marcus Vinícius C.",7103225861,0
"Stern, Charlotta",35957947600,"Donkin, Chris",24176567700,0
"Stern, Charlotta",35957947600,"Langdridge, Darren",9277467800,0
"Stern, Charlotta",35957947600,"Seger, Charles",7004800048,0
"Stern, Charlotta",35957947600,"Pelli, Denis G.",7003315905,0
"Stern, Charlotta",35957947600,"Chung, Susana T. L.",10440472700,0
"Stern, Charlotta",35957947600,"Legge, Gordon E.",7005064208,0
"Stern, Charlotta",35957947600,"Dos Santos, Miguel",35767773500,0
"Stern, Charlotta",35957947600,"Wedekind, Claus",7005160466,0
"Stern, Charlotta",35957947600,"Achourioti, Theodora",42861005900,0
"Stern, Charlotta",35957947600,"Fugard, Andrew",8923645900,0
"Stern, Charlotta",35957947600,"Stenning, Keith",6602698191,0
"Stern, Charlotta",35957947600,"Stanovich, Keith E.",7006829395,0
"Stern, Charlotta",35957947600,"Godfrey-Smith, Peter",6602877617,0
"Stern, Charlotta",35957947600,"Yegnashankaran, Kritika",55535927300,0
"Stern, Charlotta",35957947600,"Gangestad, Steven W.",7004882413,0
"Stern, Charlotta",35957947600,"Kramer, Peter",7201517127,0
"Stern, Charlotta",35957947600,"Bressan, Paola",7003861986,0
"Stern, Charlotta",35957947600,"Bermúdez, Juan Pablo",57194207549,0
"Stern, Charlotta",35957947600,"Bieleke, Maik",56059190200,0
"Stern, Charlotta",35957947600,"Wolff, Wanja",55782245300,0
"Stern, Charlotta",35957947600,"Stewart, Andrew",57216649883,0
"Stern, Charlotta",35957947600,"Choshen-Hillel, Shoham",26532284500,0
"Ainsworth, Sarah E.",55147699200,"Almeida, Diogo",55445667700,0
"Ainsworth, Sarah E.",55147699200,"Wu, Rachel",57213489653,0
"Ainsworth, Sarah E.",55147699200,"Zhao, Jiaying",55837186700,0
"Ainsworth, Sarah E.",55147699200,"Dux, Paul E.",7004246809,0
"Ainsworth, Sarah E.",55147699200,"Franz, Elizabeth A.",7006485082,0
"Ainsworth, Sarah E.",55147699200,"Hornsey, Matthew J.",6701768949,0
"Ainsworth, Sarah E.",55147699200,"Jetten, Jolanda",7003316543,0
"Ainsworth, Sarah E.",55147699200,"Huntsinger, Jeffrey R.",24833004200,0
"Ainsworth, Sarah E.",55147699200,"Storbeck, Justin",9249604700,0
"Ainsworth, Sarah E.",55147699200,"Mudrik, Liad",57203920329,0
"Ainsworth, Sarah E.",55147699200,"Nijstad, Bernard A.",6506090416,0
"Ainsworth, Sarah E.",55147699200,"De Dreu, Carsten K W",7004919593,0
"Ainsworth, Sarah E.",55147699200,"Glowacki, Luke",55029988600,0
"Ainsworth, Sarah E.",55147699200,"Wrangham, Richard W.",7003697368,0
"Ainsworth, Sarah E.",55147699200,"Strange, Bryan A.",6602104707,0
"Ainsworth, Sarah E.",55147699200,"Galarza-Vallejo, Ana",57204064048,0
"Ainsworth, Sarah E.",55147699200,"Pascual-Leone, Juan",6701693145,0
"Ainsworth, Sarah E.",55147699200,"Pascual-Leone, Antonio",13205679100,0
"Ainsworth, Sarah E.",55147699200,"Arsalidou, Marie",26665961200,0
"Ainsworth, Sarah E.",55147699200,"Zaretsky, Ari E.",6701340527,0
"Ainsworth, Sarah E.",55147699200,"Vuilleumier, Patrik",57200075380,0
"Ainsworth, Sarah E.",55147699200,"Lenti Boero, Daniela",6603387054,0
"Ainsworth, Sarah E.",55147699200,"Bastian, Brock",7005685014,0
"Ainsworth, Sarah E.",55147699200,"Dunham, Yarrow",14630304300,0
"Ainsworth, Sarah E.",55147699200,"Sarkar, Sahotra",57212202531,0
"Ainsworth, Sarah E.",55147699200,Dunn B.D.,10140233000,0
"Ainsworth, Sarah E.",55147699200,Lawrence N.S.,55983493400,0
"Ainsworth, Sarah E.",55147699200,Milton F.N.,24335612100,0
"Ainsworth, Sarah E.",55147699200,Verbruggen F.,6603439034,0
"Ainsworth, Sarah E.",55147699200,Stevens T.,55804860800,0
"Ainsworth, Sarah E.",55147699200,McAndrew A.,55332655000,0
"Ainsworth, Sarah E.",55147699200,Yeates F.,55815505100,0
"Ainsworth, Sarah E.",55147699200,"Schmidt, Colin T.",14036157300,0
"Ainsworth, Sarah E.",55147699200,"Girard, Todd A.",7007128562,0
"Ainsworth, Sarah E.",55147699200,"Harrisona, Justin M. D.",55955517400,0
"Ainsworth, Sarah E.",55147699200,"Kirov, Roumen",6601944862,0
"Ainsworth, Sarah E.",55147699200,"Güss, C. Dominik",23012391500,0
"Ainsworth, Sarah E.",55147699200,"Powers, David M. W.",35944372800,0
"Ainsworth, Sarah E.",55147699200,"Zappettini, Shane",55879953900,0
"Ainsworth, Sarah E.",55147699200,"Allen, Colin",7402266863,0
"Ainsworth, Sarah E.",55147699200,"Crain, Stephen",7007177011,0
"Ainsworth, Sarah E.",55147699200,"Garzillo, Carmine",6602745349,0
"Ainsworth, Sarah E.",55147699200,"Trautteur, Giuseppe",15842543900,0
"Ainsworth, Sarah E.",55147699200,"Schanker, Benjamin D.",35090352100,0
"Ainsworth, Sarah E.",55147699200,"Jacquet, Pierre O",24829468600,0
"Ainsworth, Sarah E.",55147699200,"Tessari, Alessia",57221410077,0
"Ainsworth, Sarah E.",55147699200,"Binkofski, Ferdinand",7003382482,0
"Ainsworth, Sarah E.",55147699200,"Hechtman, Lisa A.",55229267600,0
"Ainsworth, Sarah E.",55147699200,"Pornpattananangkul, Narun",55229342400,0
"Ainsworth, Sarah E.",55147699200,"Chiao, Joan Y.",36771521300,0
"Ainsworth, Sarah E.",55147699200,"Humeny, Courtney",55229394900,0
"Ainsworth, Sarah E.",55147699200,"Kelly, Deirdre",57209149200,0
"Ainsworth, Sarah E.",55147699200,"Brook, Andrew",7006081347,0
"Ainsworth, Sarah E.",55147699200,"Murphy, Fionnuala C.",7201558316,0
"Ainsworth, Sarah E.",55147699200,"Ewbank, Michael P.",6603711468,0
"Ainsworth, Sarah E.",55147699200,"Calder, Andrew J.",7102367257,0
"Ainsworth, Sarah E.",55147699200,"Dukes, Amber",55878923400,0
"Ainsworth, Sarah E.",55147699200,"Coulombe, Patrick",37035781700,0
"Ainsworth, Sarah E.",55147699200,"Schaller, Mark",7103217695,0
"Ainsworth, Sarah E.",55147699200,"Murray, Damian R.",24080951100,0
"Ainsworth, Sarah E.",55147699200,"Vandello, Joseph A.",6603477930,0
"Ainsworth, Sarah E.",55147699200,"Hettinger, Vanessa E.",35167919000,0
"Ainsworth, Sarah E.",55147699200,"Waynforth, David",7801390759,0
"Ainsworth, Sarah E.",55147699200,"Jensen, Keith",15845726000,0
"Ainsworth, Sarah E.",55147699200,"Miller, Geoffrey F.",7404979457,0
"Ainsworth, Sarah E.",55147699200,"Glymour, Clark",57204338554,0
"Ainsworth, Sarah E.",55147699200,"Lu, Hongjing",7404843551,0
"Ainsworth, Sarah E.",55147699200,"Schlesinger, Matthew",57223611980,0
"Ainsworth, Sarah E.",55147699200,"Amso, Dima",6506971908,0
"Ainsworth, Sarah E.",55147699200,"Harrell, Maralee",37861263700,0
"Ainsworth, Sarah E.",55147699200,"Nordli, Samuel A.",57195148199,0
"Ainsworth, Sarah E.",55147699200,"Hirt, Edward R.",7003654943,1
"Ainsworth, Sarah E.",55147699200,"Baggs, Edward",57203156326,0
"Ainsworth, Sarah E.",55147699200,"Chemero, Anthony",54790521400,0
"Ainsworth, Sarah E.",55147699200,"Reddy, Rachna B.",56049047000,0
"Ainsworth, Sarah E.",55147699200,"Wellman, Henry M.",7005780787,0
"Ainsworth, Sarah E.",55147699200,"Scharinger, Mathias",24766980400,0
"Ainsworth, Sarah E.",55147699200,"Aggleton, John P.",7005831814,0
"Ainsworth, Sarah E.",55147699200,"Elbau, Immanuel G.",57193729839,0
"Ainsworth, Sarah E.",55147699200,"Binder, Elisabeth B.",7005123219,0
"Ainsworth, Sarah E.",55147699200,"Keijzer, Fred",6602199856,0
"Ainsworth, Sarah E.",55147699200,"Tabb, Kathryn",56223734400,0
"Ainsworth, Sarah E.",55147699200,"Beal, Bree",57220412390,0
"Ainsworth, Sarah E.",55147699200,"Buscema, Massimo",57212649924,0
"Ainsworth, Sarah E.",55147699200,"Hershfield, Hal Ersner",53877524700,0
"Ainsworth, Sarah E.",55147699200,"Alter, Adam Lee",22133243900,0
"Ainsworth, Sarah E.",55147699200,"Kendon, Adam",24600083900,0
"Ainsworth, Sarah E.",55147699200,"Oatley, Keith",7003368077,0
"Ainsworth, Sarah E.",55147699200,"Occhino, Corrine",57190844316,0
"Ainsworth, Sarah E.",55147699200,"Wilcox, Sherman",8320764800,0
"Ainsworth, Sarah E.",55147699200,"Strickland, Brent",49962193300,0
"Ainsworth, Sarah E.",55147699200,"Aristodemo, Valentina",57189071108,0
"Ainsworth, Sarah E.",55147699200,"Kuhn, Jeremy",57190178494,0
"Ainsworth, Sarah E.",55147699200,"Geraci, Carlo",23091037700,0
"Ainsworth, Sarah E.",55147699200,"Wagoner, Brady",22959200100,0
"Ainsworth, Sarah E.",55147699200,"Wermter, Stefan",7003826680,0
"Ainsworth, Sarah E.",55147699200,"Griffiths, Sascha",53879604400,0
"Ainsworth, Sarah E.",55147699200,"Heinrich, Stefan",36903266000,0
"Ainsworth, Sarah E.",55147699200,"Cole, Shana",55522705200,0
"Ainsworth, Sarah E.",55147699200,"Bicknell, Klinton",35767508100,0
"Rinderu, Maria I.",57189369276,"Stein, Dan J.",55769747595,0
"Rinderu, Maria I.",57189369276,"Holt, Lori L.",26643252300,0
"Rinderu, Maria I.",57189369276,"Lotto, Andrew J.",7006276252,0
"Rinderu, Maria I.",57189369276,"Washington, Natalia",56145119500,0
"Rinderu, Maria I.",57189369276,"Kelly, Daniel",35315870500,0
"Rinderu, Maria I.",57189369276,"Godzińska, Ewa Joanna",55954268200,0
"Rinderu, Maria I.",57189369276,"Wróbel, Andrzej",17341642300,0
"Rinderu, Maria I.",57189369276,"Helzer, Erik G.",25927132500,0
"Rinderu, Maria I.",57189369276,"Persaud, Navindra",35761507200,0
"Rinderu, Maria I.",57189369276,"McLeod, Peter",34974362700,0
"Rinderu, Maria I.",57189369276,"Bonato, Mario",23468553800,0
"Rinderu, Maria I.",57189369276,"Zorzi, Marco",7102431895,0
"Rinderu, Maria I.",57189369276,"Umiltà, Carlo",7005333781,0
"Rinderu, Maria I.",57189369276,"Deliens, Gaétane",48861207900,0
"Rinderu, Maria I.",57189369276,"Schwartz, Sophie",55449268800,0
"Rinderu, Maria I.",57189369276,"Peigneux, Philippe",7003878030,0
"Rinderu, Maria I.",57189369276,"Dominey, Peter Ford",7004714357,0
"Rinderu, Maria I.",57189369276,"Staniloiua, Angelica",32868198700,0
"Rinderu, Maria I.",57189369276,"Gelfand, Michele J.",7201803113,0
"Rinderu, Maria I.",57189369276,"Lun, Janetta",22935199900,0
"Rinderu, Maria I.",57189369276,"Gariépy, Jean-François",15753543200,0
"Rinderu, Maria I.",57189369276,"Chang, Steve W. C.",55494250200,0
"Rinderu, Maria I.",57189369276,"Platt, Michael L.",7101732687,0
"Rinderu, Maria I.",57189369276,"Krach, Sören",56738915100,0
"Rinderu, Maria I.",57189369276,"Müller-Pinzler, Laura",55338744000,0
"Rinderu, Maria I.",57189369276,"Westermann, Stefan",35148821200,0
"Rinderu, Maria I.",57189369276,"Paulus, Frieder M.",37026852200,0
"Rinderu, Maria I.",57189369276,"Rietveld, Erik",26430010200,0
"Rinderu, Maria I.",57189369276,"De Haan, Sanneke",35147646200,0
"Rinderu, Maria I.",57189369276,"Denys, Damiaan",56035058700,0
"Rinderu, Maria I.",57189369276,"Grace, Randolph C.",55220531900,0
"Rinderu, Maria I.",57189369276,"Kemp, Simon",7102089128,0
"Rinderu, Maria I.",57189369276,"Houston, Alasdair I.",7102569342,0
"Rinderu, Maria I.",57189369276,"Wiesner, Karoline",7005644798,0
"Rinderu, Maria I.",57189369276,"Feddes, Allard R.",26532735300,0
"Rinderu, Maria I.",57189369276,"Mann, Liesbeth",55520446400,0
"Rinderu, Maria I.",57189369276,"Doosje, Bertjan",6602698835,0
"Rinderu, Maria I.",57189369276,"Friedmanna, Naama",7003570533,0
"Rinderu, Maria I.",57189369276,"Gviona, Aviah",6508272364,0
"Rinderu, Maria I.",57189369276,"Szwed, Marcin",6603595068,0
"Rinderu, Maria I.",57189369276,"Vinckier, Fabien",15520225500,0
"Rinderu, Maria I.",57189369276,"Cohen, Laurent",7403929249,0
"Rinderu, Maria I.",57189369276,"Dehaeneg, Stanislas",7006690890,0
"Rinderu, Maria I.",57189369276,"Von Rueden, Christopher R.",15020096400,0
"Rinderu, Maria I.",57189369276,"Gurven, Michael",6602909086,0
"Rinderu, Maria I.",57189369276,"McNair, Simon",53879909400,0
"Rinderu, Maria I.",57189369276,"Feeney, Aidan",7006159202,0
"Rinderu, Maria I.",57189369276,"Proust, Joëlle",7103077245,0
"Rinderu, Maria I.",57189369276,"Frankish, Keith",6505868459,0
"Rinderu, Maria I.",57189369276,"Narvaez, Darcia",7003444242,0
"Rinderu, Maria I.",57189369276,"Anderson, Rajen A.",56780780200,0
"Rinderu, Maria I.",57189369276,"Ruisch, Benjamin C.",57188982916,0
"Rinderu, Maria I.",57189369276,"Pizarro, David A.",7004624132,0
"Rinderu, Maria I.",57189369276,"Boesch, Christophe",26642873000,0
"Rinderu, Maria I.",57189369276,"Buchtel, Emma E.",57212322905,0
"Rinderu, Maria I.",57189369276,"Korth, Carsten",6603961427,0
"Rinderu, Maria I.",57189369276,"Mandelbaum, Eric",25926582900,0
"Rinderu, Maria I.",57189369276,"Won, Isabel",57215793617,0
"Rinderu, Maria I.",57189369276,"Gross, Steven",35271862100,0
"Rinderu, Maria I.",57189369276,"Quilty-Dunn, Jake",55650254800,0
"Rinderu, Maria I.",57189369276,"Andreoletti, Mattia",57189060071,0
"Rinderu, Maria I.",57189369276,"Rescigno, Maria",7005694273,0
"Rinderu, Maria I.",57189369276,"Baltieri, Manuel",57203370354,0
"Rinderu, Maria I.",57189369276,"Buckley, Christopher L.",56279100400,0
"Rinderu, Maria I.",57189369276,"Folville, Adrien",57197800931,0
"Rinderu, Maria I.",57189369276,"Callender, Craig",56264325000,0
"Rinderu, Maria I.",57189369276,"Marie, Antoine",57210735692,0
"Rinderu, Maria I.",57189369276,"Woodley Of Menie, Michael A.",57194347704,0
"Rinderu, Maria I.",57189369276,"Figueredo, Aurelio José",7006508915,0
"Rinderu, Maria I.",57189369276,"Sarraf, Matthew A.",57196176880,0
"Rinderu, Maria I.",57189369276,"Redish, A. David",6603909202,0
"Rinderu, Maria I.",57189369276,"Kazinka, Rebecca",55595449300,0
"Rinderu, Maria I.",57189369276,"Herman, Alexander B.",55632289700,0
"Rinderu, Maria I.",57189369276,"Tonello, Lucio",24464614600,0
"Rinderu, Maria I.",57189369276,"Giacobbi, Luca",53982972700,0
"Rinderu, Maria I.",57189369276,"Pettenon, Alberto",57200691446,0
"Rinderu, Maria I.",57189369276,"Scuotto, Alessandro",57003057500,0
"Rinderu, Maria I.",57189369276,"Cocchi, Massimo",55526544600,0
"Rinderu, Maria I.",57189369276,"Gabrielli, Fabio",36655577300,0
"Rinderu, Maria I.",57189369276,"Cappello, Glenda",24447987500,0
"Rinderu, Maria I.",57189369276,"Hirst, William",7005120274,0
"Rinderu, Maria I.",57189369276,"Echterhoff, Gerald",57202624304,0
"Rinderu, Maria I.",57189369276,"Jebari, Joseph",57202872496,0
"Rinderu, Maria I.",57189369276,"Ward, Zina B.",57208771868,0
"Rinderu, Maria I.",57189369276,"Machery, Edouard",12775821900,0
"Rinderu, Maria I.",57189369276,"Azevedo, Ruben T.",55199955500,0
"Rinderu, Maria I.",57189369276,"Tsakiris, Manos",8612330500,0
"Rinderu, Maria I.",57189369276,"Fernández-Berrocal, Pablo",6603121863,0
"Rinderu, Maria I.",57189369276,"Cabello, Rosario",55154696300,0
"Rinderu, Maria I.",57189369276,"Gutiérrez-Cobo, María José",57189590991,0
"Rinderu, Maria I.",57189369276,"Freese, Jeremy",57205865660,0
"Rinderu, Maria I.",57189369276,"Olivers, Christian N L",6603803862,0
"Rinderu, Maria I.",57189369276,"Kootstra, Gerrit Jan",35785901800,0
"Rinderu, Maria I.",57189369276,"Rossi, Eleonora",57213429345,0
"Rinderu, Maria I.",57189369276,"Maldonado, Mora",56144505200,0
"Rinderu, Maria I.",57189369276,"Spector, Benjamin",37089624600,0
"Rinderu, Maria I.",57189369276,"Chemla, Emmanuel",26535556100,0
"Rinderu, Maria I.",57189369276,"Park, Joonkoo",23474638100,0
"Rinderu, Maria I.",57189369276,"DeWind, Nick K.",55151359000,0
"Rinderu, Maria I.",57189369276,"Brannon, Elizabeth M.",7004050009,0
"Gershman, Samuel J.",35108983800,"Keven, Nazim",56800842500,0
"Gershman, Samuel J.",35108983800,"Akins, Kathleen A.",55105815400,0
"Gershman, Samuel J.",35108983800,"Mahr, Johannes B.",57201257173,0
"Gershman, Samuel J.",35108983800,"Csibra, Gergely",6701384037,0
"Gershman, Samuel J.",35108983800,"Singh, Manvir",57199045186,0
"Gershman, Samuel J.",35108983800,"Stanford, P. Kyle",7003381297,0
"Gershman, Samuel J.",35108983800,"Zwaan, Rolf A.",7003515240,0
"Gershman, Samuel J.",35108983800,"Etz, Alexander",57163600400,0
"Gershman, Samuel J.",35108983800,"Lucas, Richard E.",7201704229,0
"Gershman, Samuel J.",35108983800,"Donnellan, M. Brent",6701574316,0
"Gershman, Samuel J.",35108983800,"Boyer, Pascal",7201390372,0
"Gershman, Samuel J.",35108983800,"Petersen, Michael Bang",35761369500,0
"Gershman, Samuel J.",35108983800,"Whitehouse, Harvey",15074221200,0
"Gershman, Samuel J.",35108983800,"Rahnev, Dobromir",36708565000,0
"Gershman, Samuel J.",35108983800,"Denison, Rachel N.",54388379000,0
"Gershman, Samuel J.",35108983800,"Jaswal, Vikram K.",6701625158,0
"Gershman, Samuel J.",35108983800,"Akhtar, Nameera",7006680261,0
"Gershman, Samuel J.",35108983800,"Borsboom, Denny",6602919311,0
"Gershman, Samuel J.",35108983800,"Cramer, Angélique O.J.",36169031400,0
"Gershman, Samuel J.",35108983800,"Kalis, Annemarie",6603932142,0
"Gershman, Samuel J.",35108983800,"Anselme, Patrick",16400587300,0
"Gershman, Samuel J.",35108983800,"Güntürkün, Onur",34770716900,0
"Gershman, Samuel J.",35108983800,"Hooks, Katarzyna B.",54794235800,0
"Gershman, Samuel J.",35108983800,"Konsman, Jan Pieter",6603530437,0
"Gershman, Samuel J.",35108983800,"O'Malley, Maureen A.",8567025800,0
"Gershman, Samuel J.",35108983800,"De Dreu, Carsten K.W.",7004919593,0
"Gershman, Samuel J.",35108983800,"Gross, Jörg",57194694526,0
"Gershman, Samuel J.",35108983800,"May, Joshua",35275720900,0
"Gershman, Samuel J.",35108983800,"Brette, Romain",57203633141,0
"Gershman, Samuel J.",35108983800,"Hoerl, Christoph",6505802379,0
"Gershman, Samuel J.",35108983800,"McCormack, Teresa",7007009642,0
"Gershman, Samuel J.",35108983800,"Bastin, Christine",6603615734,0
"Gershman, Samuel J.",35108983800,"Besson, Gabriel",55504459500,0
"Gershman, Samuel J.",35108983800,"Simon, Jessica",36172611200,0
"Gershman, Samuel J.",35108983800,"Delhaye, Emma",57192310708,0
"Gershman, Samuel J.",35108983800,"Geurten, Marie",56387621000,0
"Gershman, Samuel J.",35108983800,"Willems, Sylvie",9044868200,0
"Gershman, Samuel J.",35108983800,"Salmon, Eric",57205017350,0
"Gershman, Samuel J.",35108983800,"Lieder, Falk",57217112896,0
"Gershman, Samuel J.",35108983800,"Griffiths, Thomas L.",35409148500,0
"Gershman, Samuel J.",35108983800,"Cushman, Fiery",8286891500,6
"Gershman, Samuel J.",35108983800,"Tomasello, Michael",7004816726,0
"Gershman, Samuel J.",35108983800,"Veissière, Samuel P. L.",35520414300,0
"Gershman, Samuel J.",35108983800,"Constant, Axel",57201093347,0
"Gershman, Samuel J.",35108983800,"Ramstead, Maxwell J. D.",56986708800,0
"Gershman, Samuel J.",35108983800,"Friston, Karl J.",36080215500,0
"Gershman, Samuel J.",35108983800,"Kirmayer, Laurence J.",7007140515,0
"Gershman, Samuel J.",35108983800,"Gilead, Michael",55093654400,0
"Gershman, Samuel J.",35108983800,"Trope, Yaacov",7004477137,0
"Gershman, Samuel J.",35108983800,"Liberman, Nira",7003316730,0
"Gershman, Samuel J.",35108983800,"Osiurak, François",57189688463,0
"Gershman, Samuel J.",35108983800,"Reynaud, Emanuelle",15056570000,0
"Gershman, Samuel J.",35108983800,"Bell, Adrian V.",24279370500,0
"Gershman, Samuel J.",35108983800,"Demps, Kathryn",54886019400,0
"Gershman, Samuel J.",35108983800,"Frost, Karl",56404324600,0
"Gershman, Samuel J.",35108983800,"Hillis, Vicken",54882119400,0
"Gershman, Samuel J.",35108983800,"Mathew, Sarah",35237764900,0
"Gershman, Samuel J.",35108983800,"Newton, Emily K.",55341954100,0
"Gershman, Samuel J.",35108983800,"Naar, Nicole",56017223700,0
"Gershman, Samuel J.",35108983800,"Newson, Lesley",8855404600,0
"Gershman, Samuel J.",35108983800,"Ross, Cody",55279940900,0
"Gershman, Samuel J.",35108983800,"Carpendale, Jeremy I. M.",6602137442,0
"Gershman, Samuel J.",35108983800,"Lewis, Charlie",7402976047,0
"Gershman, Samuel J.",35108983800,"Gruber, Thibaud",35754631600,0
"Gershman, Samuel J.",35108983800,"Harmon-Jones, Eddie",7003876775,0
"Gershman, Samuel J.",35108983800,"Harmon-Jones, Cindy",6508060643,0
"Gershman, Samuel J.",35108983800,"Parr, Thomas",57194038258,0
"Gershman, Samuel J.",35108983800,"Rhodes, Marjorie",23036943500,0
"Gershman, Samuel J.",35108983800,"Ross, Don",8218830900,0
"Gershman, Samuel J.",35108983800,"Spurrett, David",8628586600,0
"Gershman, Samuel J.",35108983800,"Allen, Robert C.",7404224517,0
"Gershman, Samuel J.",35108983800,"Houston, Alasdair I.",57200734512,0
"Gershman, Samuel J.",35108983800,"Malhotra, Gaurav",14325651500,0
"Gershman, Samuel J.",35108983800,"Hurlemann, René",9742914500,0
"Gershman, Samuel J.",35108983800,"Marsh, Nina",56900829100,0
"Gershman, Samuel J.",35108983800,"Kelsey, Caroline Malory",57193416143,0
"Gershman, Samuel J.",35108983800,"Grossmann, Tobias",23018899700,0
"Gershman, Samuel J.",35108983800,"Fabbro, Franco",7003287462,0
"Gershman, Samuel J.",35108983800,"Crescentini, Cristiano",23481429500,0
"Gershman, Samuel J.",35108983800,"Hardwicke, Tom E.",55937009200,0
"Gershman, Samuel J.",35108983800,"Tessler, Michael Henry",57206294713,0
"Gershman, Samuel J.",35108983800,"Peloquin, Benjamin N.",57208774988,0
"Gershman, Samuel J.",35108983800,"Frank, Michael C.",16432698900,0
"Gershman, Samuel J.",35108983800,"Lightner, Aaron D.",57200014829,0
"Gershman, Samuel J.",35108983800,"Hagen, Edward H.",7102650182,0
"Gershman, Samuel J.",35108983800,"Uleman, James S.",6701665755,0
"Gershman, Samuel J.",35108983800,"Granot, Yael",54785839100,0
"Gershman, Samuel J.",35108983800,"Shimizu, Yuki",7404068334,0
"Gershman, Samuel J.",35108983800,"Nakawake, Yo",56074914300,0
"Gershman, Samuel J.",35108983800,"Jong, Jonathan",55367026800,0
"Gershman, Samuel J.",35108983800,"Campbell, Ruth",55744483000,0
"Gershman, Samuel J.",35108983800,"Woll, Bencie",7004344871,0
"Gershman, Samuel J.",35108983800,"Feingold, Alan",35372759200,0
"Gershman, Samuel J.",35108983800,"Francis, Elaine J.",8908437800,0
"Gershman, Samuel J.",35108983800,"Holekamp, Kay E.",7004002376,0
"Gershman, Samuel J.",35108983800,"Miikkulainen, Risto",7003434895,0
"Gershman, Samuel J.",35108983800,"Jordan, Nancy C.",7006906294,0
"Gershman, Samuel J.",35108983800,"Rinne, Luke",37462105600,0
"Gershman, Samuel J.",35108983800,"Resnick, Ilyse M.",35105750300,0
"Gershman, Samuel J.",35108983800,"Koschmann, Timothy",6603960683,0
"Donnellan, M. Brent",6701574316,"Lourenco, Stella F.",9941748800,0
"Donnellan, M. Brent",6701574316,"Aulet, Lauren S.",57202874547,0
"Donnellan, M. Brent",6701574316,"Ayzenberg, Vladislav",57189223653,0
"Donnellan, M. Brent",6701574316,"Cheung, Chi-Ngai",56735365500,0
"Donnellan, M. Brent",6701574316,"Terbeck, Sylvia",24403035600,0
"Donnellan, M. Brent",6701574316,"Tversky, Barbara",35618434300,0
"Donnellan, M. Brent",6701574316,"D'Souza, Dean",54884418500,0
"Donnellan, M. Brent",6701574316,"Karmiloff-Smith, Annette",7003649617,0
"Donnellan, M. Brent",6701574316,"Ferreira, Fernanda",7103359016,0
"Donnellan, M. Brent",6701574316,"Christianson, Kiel",7003668535,0
"Donnellan, M. Brent",6701574316,"Gerbino, Walter",6701708559,0
"Donnellan, M. Brent",6701574316,"Fantoni, Carlo",6602368985,0
"Donnellan, M. Brent",6701574316,"Arouss, Melana",57216330558,0
"Donnellan, M. Brent",6701574316,"Seewald, Daniel",56825742000,0
"Donnellan, M. Brent",6701574316,"Vranka, Marek",56188307200,0
"Donnellan, M. Brent",6701574316,"Bahník, Štěpán",55199822700,1
"Donnellan, M. Brent",6701574316,"Chouinard-Thuly, Laura",56520312900,0
"Donnellan, M. Brent",6701574316,"Boddez, Yannick",36760570000,0
"Donnellan, M. Brent",6701574316,"Hermans, Dirk",7006843816,0
"Donnellan, M. Brent",6701574316,"Tatone, Denis",56491043100,0
"Donnellan, M. Brent",6701574316,"De Boer, Bart",57210301748,0
"Donnellan, M. Brent",6701574316,"Perlman, Marcus",56292129200,0
"Donnellan, M. Brent",6701574316,"Zenon, Alexandre",24482519700,0
"Donnellan, M. Brent",6701574316,"Olivier, Etienne",7005717918,0
"Donnellan, M. Brent",6701574316,"Andersson, Claes",35986417500,0
"Donnellan, M. Brent",6701574316,"Törnberg, Anton",56089580100,0
"Donnellan, M. Brent",6701574316,"Törnberg, Petter",56089713100,0
"Donnellan, M. Brent",6701574316,"Kossowska, Malgorzata",6602646303,0
"Donnellan, M. Brent",6701574316,"Rydzewska, Klara",56239066000,0
"Donnellan, M. Brent",6701574316,"Fogassi, Leonardo",7004217083,0
"Donnellan, M. Brent",6701574316,"MacDonald, Adam",56145764900,0
"Donnellan, M. Brent",6701574316,"Kay, Aaron C.",7201741106,0
"Donnellan, M. Brent",6701574316,"Analytis, Pantelis P.",56001038500,0
"Donnellan, M. Brent",6701574316,"Moussaïd, Mehdi",26028667700,0
"Donnellan, M. Brent",6701574316,"Artinger, Florian",56071672100,0
"Donnellan, M. Brent",6701574316,"Kämmer, Juliane E.",55753006500,0
"Donnellan, M. Brent",6701574316,"Gigerenzer, Gerd",24368890600,0
"Donnellan, M. Brent",6701574316,"Brogaard, Berit",6506546166,0
"Donnellan, M. Brent",6701574316,"Marlow, Kristian",55903186000,0
"Donnellan, M. Brent",6701574316,"Rice, Kevin",56071605000,0
"Donnellan, M. Brent",6701574316,"Ingram, Gordon P. D.",55139333100,0
"Donnellan, M. Brent",6701574316,"Bruyneel, Sabrina D.",13805653700,0
"Donnellan, M. Brent",6701574316,"Dewitte, Siegfried",56207793700,0
"Donnellan, M. Brent",6701574316,"Fowler, Carol A.",7203060070,0
"Donnellan, M. Brent",6701574316,"Redcay, Elizabeth",8615770000,0
"Donnellan, M. Brent",6701574316,"Rice, Katherine",55810866300,0
"Donnellan, M. Brent",6701574316,"Noles, Nicholaus S.",7801571756,0
"Donnellan, M. Brent",6701574316,"Alicke, Mark",6603351105,0
"Donnellan, M. Brent",6701574316,"Gomeza, Pablo",8954245700,0
"Donnellan, M. Brent",6701574316,"Silinsb, Sarah",55489357300,0
"Donnellan, M. Brent",6701574316,"Cashdan, Elizabeth",6602505320,0
"Donnellan, M. Brent",6701574316,"Móró, Levente",35848956600,0
"Donnellan, M. Brent",6701574316,"Noreika, Valdas",23668497700,0
"Donnellan, M. Brent",6701574316,"Novaes, Catarina Dutilh",21733459000,0
"Donnellan, M. Brent",6701574316,"Simms, Nina",56513614800,0
"Donnellan, M. Brent",6701574316,"Acquaro, Pamela",57223131236,0
"Donnellan, M. Brent",6701574316,"Clément, Fabrice",35726687000,0
"Donnellan, M. Brent",6701574316,"Dukes, Daniel",55386978300,0
"Donnellan, M. Brent",6701574316,"Dahl, Audun",35795232200,0
"Donnellan, M. Brent",6701574316,"Waltzer, Talia",57000384300,0
"Donnellan, M. Brent",6701574316,"Derex, Maxime",37079009300,0
"Donnellan, M. Brent",6701574316,"Fortier-Davy, Martin",57203337997,0
"Donnellan, M. Brent",6701574316,"Gelpi, Rebekah",57216405641,0
"Donnellan, M. Brent",6701574316,"Buchsbaum, Daphna",57206215194,0
"Donnellan, M. Brent",6701574316,"Houkes, Wybo",12241730300,0
"Donnellan, M. Brent",6701574316,"Baran, Nicole M.",56051998500,0
"Donnellan, M. Brent",6701574316,"Bodner, Glen E.",7005995752,0
"Donnellan, M. Brent",6701574316,"Bernstein, Daniel M.",7401750083,0
"Donnellan, M. Brent",6701574316,"Cisek, Paul",6603949184,0
"Donnellan, M. Brent",6701574316,"O'Neill, Kevin",57212307935,0
"Donnellan, M. Brent",6701574316,"Hur, Juyoen",57169663400,0
"Donnellan, M. Brent",6701574316,"Tillman, Rachael M.",57191479233,0
"Donnellan, M. Brent",6701574316,"Isham, Eve A.",6506998644,0
"Donnellan, M. Brent",6701574316,"Ziskin, Elijah M.",57212305350,0
"Donnellan, M. Brent",6701574316,"Peterson, Mary A.",35555178700,0
"Donnellan, M. Brent",6701574316,"Kotchoubey, Boris",7004098687,0
"Donnellan, M. Brent",6701574316,"Mayhew, Estelle M. Y.",42761796400,0
"Donnellan, M. Brent",6701574316,"Zhang, Meng",57199246180,0
"Donnellan, M. Brent",6701574316,"Hudson, Judith A.",7402565800,0
"Donnellan, M. Brent",6701574316,"Patchitt, Joel",57212867837,0
"Donnellan, M. Brent",6701574316,"Shergill, Sukhi S.",35433190700,0
"Donnellan, M. Brent",6701574316,"Yankowitz, Lisa D.",57203241986,0
"Donnellan, M. Brent",6701574316,"Clements, Caitlin C.",55215563700,0
"Donnellan, M. Brent",6701574316,"Choi, Virginia K.",57205315984,0
"Donnellan, M. Brent",6701574316,"Jackson, Joshua C.",57056837000,0
"Donnellan, M. Brent",6701574316,"Coles, Nicholas A.",57207776326,0
"Donnellan, M. Brent",6701574316,"Tiokhin, Leonid",36646819100,0
"Donnellan, M. Brent",6701574316,"Scheel, Anne M.",57202112440,0
"Donnellan, M. Brent",6701574316,"Isager, Peder M.",57201748474,0
"Donnellan, M. Brent",6701574316,"Lakens, Daniël",34167993300,1
"Donnellan, M. Brent",6701574316,"DeScioli, Peter",15841527000,0
"Donnellan, M. Brent",6701574316,"Handfield, Toby",23134280500,0
"Donnellan, M. Brent",6701574316,"Thrasher, John",55030726400,0
"Donnellan, M. Brent",6701574316,"García, Julian",56912635300,0
"Donnellan, M. Brent",6701574316,"Lane, Justin E.",56589422600,0
"Donnellan, M. Brent",6701574316,"Shults, F LeRon",26640697300,0
"Donnellan, M. Brent",6701574316,"Wildman, Wesley J.",15043295600,0
"Donnellan, M. Brent",6701574316,"Campos, Ruth",22133526700,0
"Donnellan, M. Brent",6701574316,"Nieto, Carmen",36752602800,0
"Donnellan, M. Brent",6701574316,"Cardel, Michelle I.",35791582600,0
